{
  "test": {
    "solved": 1.0,
    "cell_acc": 1.0
  },
  "test_ood_2x": {
    "solved": 0.983000009059906,
    "cell_acc": 0.999512004852295
  },
  "test_ood_2xW": {
    "solved": 0.9980000019073486,
    "cell_acc": 0.9998876285552979
  },
  "test_ood_4x": {
    "solved": 0.07500000111758709,
    "cell_acc": 0.9025108337402343
  },
  "test_ood_4xW": {
    "solved": 0.9920000076293946,
    "cell_acc": 0.9996106719970703
  }
}